Title,Published_date,Views,Likes,Dislikes,Comments
Veetuku inor pudhu aalu vandhachu ğŸ˜ Shadhik Azeez,2025-08-02T16:40:23Z,2574898,144427,0,886
Really semma worth dude | Shadhik azeez,2025-08-01T17:12:24Z,1211099,47238,0,228
Semma useful bag for moms â™¥ï¸ Shadhik Azeez,2025-07-27T16:50:21Z,2539378,79332,0,291
CR7 Cristiano Ronaldo Perfume ğŸ˜ğŸ”¥ Shadhik Azeez,2025-07-26T16:45:32Z,2706305,126205,0,503
Watch la caru suthi vittu paaru ğŸ˜…â™¥ï¸ğŸ”¥ Shadhil Azeez,2025-07-25T15:40:00Z,1587707,66241,0,354
Useful but be careful ğŸ˜… Shadhik Azeez,2025-07-23T15:03:53Z,3614340,127087,0,527
Makkar pandra cooker pathi oru vartha solala ğŸ˜¢ Shadhik Azeez,2025-07-13T17:11:25Z,7122264,230353,0,970
Extra irkunu kuduthan adhu extra hair uh Mariduchu ğŸ˜,2025-07-12T14:32:25Z,2348326,78261,0,183
Inum 5 days dhan new baby vara podhu â™¥ï¸ğŸ˜ Shadhik Azeez,2025-07-11T17:07:01Z,3027369,92035,0,423
Eyes la ice aengaaaaaaa... Shadhik azeez,2025-07-05T12:04:37Z,2708715,116212,0,367
Ivalo cheap uh fix panitanğŸ˜ğŸ˜… Shadhik Azeez,2025-07-04T16:38:11Z,2549429,98697,0,571
Kandipa unga amma or wife Ku vaangi kudunga | Useful | Shadhil Azeez,2025-06-28T16:29:32Z,6464435,174424,0,427
Size la ivalo Iruka ğŸ˜Š Shadhik Azeez,2025-06-25T04:29:29Z,2344064,65925,0,211
Kettu pona sauce uh scam ğŸ¥µ Ushar makkale | Shadhik Azeez,2025-06-21T16:25:20Z,6089597,222071,0,681
Apdi enna pa achieve panita ne ? Shadhik Azeez | Reen Naturals,2025-06-15T16:51:09Z,11915893,561093,0,3822
Wife ku pudikalana kalati pant la vachuka vendiya dhan ğŸ¤£,2025-06-08T15:45:14Z,6940726,239075,0,555
Podalame.. ğŸ˜ŠâœŒğŸ» Eid Mubarak | Shadhik Azeez,2025-06-07T04:02:42Z,2266027,94895,0,799
Leaving wife alone for first time in 5 years ğŸ˜¢ Shadhik Azeez,2025-05-31T16:54:23Z,7929331,353642,0,772
B Negative vachukitu aepdi positive uh Irukanga parunga ğŸ˜… Shadhik Azeez,2025-05-30T17:12:11Z,9044647,356262,0,2841
Chest of drawers fell on him ğŸ˜¢ Shadhik Azeez,2025-05-27T17:26:16Z,19224350,766823,0,2337
Idhuku Paruthi moota godown le irundhurkalam ğŸ˜… Shadhik Azeez,2025-05-25T17:41:05Z,6857717,173428,0,592
Rabies aedhum attack panirucha ğŸ˜… Adhu Lint roller paah | Shadhik Azeez,2025-05-24T17:35:55Z,2662846,83304,0,209
No more AC Wastage ğŸ˜ | Vera level idea | Shadhik Azeez,2025-05-23T16:48:22Z,10243220,408641,0,796
Enaku oru alpa aasa ooti pakanum nu ğŸ˜… Shadhik azeez,2025-05-22T09:32:12Z,472157,24773,0,0
Home tour ?  cha cha.. Hall tour ? cha cha.. Pinna ? Adhukum mela ğŸ˜ Shadhik Azeez,2025-05-18T15:57:10Z,189171,4077,0,344
Mechanical  lab training la apdi enntha da kilicha. ğŸ˜… Shadhik azeez,2025-05-16T17:33:13Z,5529923,250964,0,1084
"Idhu koduma illanga, husband's oda Karama ğŸ˜ Shadhik Azeez",2025-05-14T16:36:45Z,6411656,203073,0,380
Wig vachu video panuvan nenaichu kuda pakala ğŸ˜… Shadhik Azeez,2025-05-10T14:37:55Z,2397768,66947,0,279
"Mulla mullala dhan edukanum , Porula porula dhan adukanum ğŸ˜… Shadhik Azeez",2025-05-05T12:14:48Z,6172617,231510,0,405
Chithira veyil chitravadhai Seiyudhu ğŸ¥µIdhan orae Vali | Shadhik Azeez,2025-05-02T16:46:35Z,4678413,209735,0,438
#ad Indha vati amazon la vaangala aana App la vaangitan | Paid Collab,2025-04-30T06:44:52Z,2045121,100799,0,396
Best Natural Toothpaste in India | Shadhik Azeez,2025-04-29T16:30:32Z,71387,1681,0,307
Birthday gift Ku idha try panunga ladies kandipa boys Ku pudikum ğŸ˜ Shadhik Azeez,2025-04-27T17:14:39Z,1272714,55292,0,236
Flushing all cockroachesğŸ˜ adengappa ivalo VA ğŸ˜ Shadhik azeez,2025-04-26T17:18:12Z,9072787,273108,0,997
20L car la 250 Rs product maata kashtama iuku car companies Ku ğŸ˜  Shadhik Azeez,2025-04-24T16:42:50Z,8087594,251577,0,305
Online business panni ivalo sambarikalamağŸ˜ Shadhik Azeez Reen Naturals,2025-04-20T15:47:55Z,7749353,357615,0,1392
Ennada idhu odane pudhusi Mari aidichu ğŸ˜,2025-04-19T17:28:20Z,5988855,304620,0,724
Idhu ennada ice cream mari varudhu ğŸ˜,2025-04-13T11:41:45Z,4225865,142002,0,501
Under garments under estimate pannadhinga ğŸ¤£ Shadhik Azeez,2025-04-12T16:56:32Z,3684822,103129,0,385
Sugar sapdrapo matum inichucha ğŸ¤£ Wife Shadhik Azeez,2025-04-10T17:33:50Z,4867518,191065,0,519
Laser panni skin enna achu parunga ğŸ”¥ Shadhik Azeez,2025-04-06T07:34:53Z,5808952,216884,0,1530
Girls ku pudicha boys perfume ğŸ¥° Shadhik Azeez,2025-04-05T13:03:43Z,3897981,162704,0,582
Mahalakshmi uh nalla pathukonga pa ğŸ™ Shadhik Azeez,2025-03-28T17:15:39Z,9490491,403827,0,1824
Uruttu Uruttu ğŸ˜… Kitchen la nalla uruttu ğŸ¤£ Shadhik Azeez,2025-03-28T05:37:58Z,1575218,67948,0,201
New bed la Sambar oothi testu ğŸ”¥ğŸ¤£ Shadhik Azeez #paidcampaign,2025-03-25T12:03:30Z,5093233,224759,0,544
Adhu ungaluku sonna puriyadhu sir ğŸ¤£,2025-03-22T16:53:22Z,3214918,170463,0,378
I got my freedom ğŸ˜ Inime thooka venam ğŸ¤£ Parents pls buy this | Shadhik Azeez,2025-03-16T16:31:00Z,4450119,254757,0,510
Ipove thooki potrunga illana semma risk ğŸ™ Shadhik Azeez,2025-03-13T16:59:16Z,3579987,204384,0,962
Ipove vaangi podunga illana kaila dhan alli podanum ğŸ¤£ Shadhik Azeez,2025-03-08T10:46:15Z,3093742,114206,0,267
New house uh noise house uh maathitaanga ğŸ˜¢ Again selavu ğŸ˜‘ Shadhik azeez,2025-03-05T13:50:27Z,7063730,362600,0,0
Ele tholla ini illa ğŸ”¥ğŸ˜… Shadhik Azeez,2025-02-22T11:45:53Z,2372879,122814,0,502
Ladies daily pandra work ivalo kashtama ğŸ¥¹ğŸ™ Shadhik Azeez,2025-02-16T17:12:06Z,7857576,497479,0,3134
Appave kaduppa aitaru ğŸ˜… battery cost | Shadhik Azeez,2025-02-14T16:37:19Z,11027423,485405,0,1413
Cooking Soaps using Tons of Veggies ğŸ”¥â™¥ï¸ğŸ˜ Shadhik Azeez | Reen Naturals,2025-02-04T12:45:35Z,833746,10765,0,1367
Buying our Dream Land from Subscribers Help â™¥ï¸ğŸ˜ Shadhik Azeez | Tamil,2025-01-31T15:59:05Z,500440,5745,0,483
My wife was in Jail Life before Marriage ğŸ˜¢ Shadhik Azeez | Andaman,2025-01-30T08:27:25Z,9507675,741189,0,2625
Aaah..  pudungikichu paaah hair uh ğŸ¤£ğŸ”¥ Shadhik azeez Reen Naturals Brown Henna,2025-01-23T16:55:38Z,4159839,194853,0,762
Power Bank vachu Car ku power kudukalama ğŸ¤¯ğŸ”¥ğŸ˜â™¥ï¸ Shadhik azeez Review,2025-01-21T17:12:19Z,2422923,149431,0,322
Enake vipudhiya da.. 10K shoe va ğŸ¤¯â™¥ï¸ğŸ”¥ shadhikazeez,2025-01-18T17:29:54Z,9379251,374975,0,763
"Item Sirusu, aana seyal perusu â™¥ï¸ğŸ˜ğŸ”¥ Shadhik Azeez",2025-01-16T15:11:04Z,6780310,298877,0,821
Must have product if you have a Family & Car | Shadhik Azeez,2025-01-14T13:09:00Z,396726,2914,0,181
Nalla irundha moonju oru padhi ipo changu ğŸ˜±ğŸ˜ Shadhik Azeez Best serum for dark spots and acne scar,2025-01-13T12:59:36Z,6147362,259639,0,1165
500 gm silver bar vaangitan paah ğŸ˜ğŸ”¥Shadhik Azeez,2025-01-08T16:31:57Z,19515574,1118296,0,2075
She is soo happy | Best Birthday ever ğŸ˜ Shadhik Azeez,2025-01-05T17:20:44Z,5394412,0,0,769
My first iPhone ğŸ˜ğŸ”¥ Shadhik azeez,2024-12-31T16:57:56Z,5428597,347786,0,1829
Carpet la kaal kilo doosi da dei ğŸ¤¯ğŸ”¥ Shadhik azeez,2024-12-29T16:11:59Z,6736467,280923,0,253
Diet mukkiyam Bigulu ğŸ”¥â™¥ï¸ Shadhik Azeez,2024-12-28T14:02:23Z,1643398,68457,0,330
My wife just loved this gift ğŸ˜ Happy Birthday | Shadhik Azeez,2024-12-27T09:50:53Z,6752236,360138,0,545
Best Body Wash | Sollalamee ğŸ˜Šâ™¥ï¸ Shadhik Azeez,2024-12-25T15:02:40Z,873564,31985,0,228
He is acting in Marvel Spider man ğŸ˜ğŸ”¥â™¥ï¸ Shadhik Azeez,2024-12-14T15:14:06Z,1838999,123423,0,0
Cardu vaika kaadugal naadinen ğŸ”¥ğŸ˜‚ğŸ˜ Wallet Shadhik Azeez,2024-12-12T16:51:36Z,4477959,215319,0,574
Dont buy harmful wet wipes without watching this Video ğŸ˜³ğŸ”¥ Genuine dad Review | Shadhik Azeez,2024-12-08T15:50:24Z,770611,7050,0,998
"Enadhu indha table 20,000 uh ğŸ˜…ğŸ¤¯ Shadhik Azeez",2024-12-07T17:33:59Z,4036012,0,0,253
Keep your kids Not just safe but also comfortable â™¥ï¸ğŸ¥¹ Shadhik Azeez,2024-12-06T15:30:22Z,7108482,304662,0,334
Our Grand Sofa Tour | Best Sofa Ever ğŸ˜,2024-12-02T14:07:15Z,388468,4311,0,213
Sofa semma Weightu gap romba tightu ğŸ”¥ğŸ˜…,2024-11-24T15:11:27Z,11072014,404516,0,606
"Best Moisturizer in India for Oily skin, Dry Skin, Sensitive Skin | Shadhik Azeez | Not sponsored",2024-11-17T16:40:11Z,624231,9712,0,905
Adengappa Weight machine uh illa Health checkup machine uh ğŸ˜ğŸ”¥ Shadhik azeez,2024-11-15T16:46:17Z,1064408,50149,0,216
Semma Product maatikuchu ğŸ˜ | Shadhik Azeez | Car scratch remover,2024-11-09T17:00:27Z,6540973,319528,0,1220
Irunga bai fulla parunga bai Pasangaluku nejama useful bai ğŸ˜ğŸ”¥,2024-11-06T15:13:26Z,2505698,112357,0,220
Ivalo easy uh problem solve aiduchu ğŸ˜â¤ï¸ | Shadhik Azeez,2024-11-02T15:14:34Z,2101930,87811,0,210
Our new 7 seater car for campingğŸ”¥ğŸ˜,2024-10-31T13:39:03Z,1329153,16866,0,755
Ennada idhu olagame theriyudhi ğŸ¤©ğŸ˜ğŸ”¥ Space Projector | Shadhik Azeez,2024-10-25T16:34:04Z,14515070,713632,0,1403
Indha curtain hack nalla iruke paa ğŸ˜ Shadhik Azeez,2024-10-20T16:48:50Z,8910868,391505,0,786
Dont do this to your child ğŸ˜³ Must watch for ParentsğŸ‘ˆ Shadhik Azeez,2024-10-17T13:16:33Z,720680,7701,0,388
1 crore income from this Small Studio setup at Home ğŸ˜ğŸ”¥ Shadhik Azeez Studio Tour,2024-10-13T13:33:31Z,157544,4129,0,248
250 Rupees ku ipdi oru perfume uh ğŸ˜ Shadhik Azeez,2024-10-10T17:21:25Z,2326539,154921,0,747
Indha business ku ipdi oru flashback uh ğŸ˜‚ Reen naturals| Shadhik Azeez,2024-10-06T16:49:36Z,11454192,468547,0,1762
Idhu matum illana ineram tv gaali ğŸ˜± Useful tv gaurd | Shadhik Azeez,2024-10-04T16:31:31Z,4122793,156173,0,299
Enoda palluku ennadhan achu ğŸ”¥ğŸ˜ Ada White aachu ğŸ˜ Shadhik Azeez | Reen naturals,2024-09-29T17:12:53Z,4137955,155411,0,607
Must have product in every home ğŸ”¥ Your Queen will Love it ğŸ˜â¤ï¸ Shadhik Azeez,2024-09-28T05:59:00Z,560947,3951,0,325
73 to 63 kg transformation ğŸ˜ğŸ”¥ Shadhik Azeez,2024-09-18T16:02:48Z,8567859,374177,0,1916
Natural Brown Hair color at Home ğŸ˜ 100% Natural | No side effects | Shadhik Azeez | Reen Naturals,2024-09-15T14:32:08Z,230262,4111,0,572
Vera level ground clearance and suspension increase ğŸ”¥ğŸ˜ Shadhik Azeez,2024-09-07T16:59:09Z,8518266,332573,0,1111
"Biceps illana enna, Bracelet iruku laâ€¦ ğŸ”¥ğŸ˜‚ Shadhik Azeez | Fashion",2024-09-03T12:18:21Z,495123,25940,0,140
Pasanga bayapadama iruka ipobe idha panunga ğŸ‘ˆ Shadhik Azeez,2024-08-31T17:40:04Z,2650046,134655,0,344
Weighing scale Vipareedham ğŸ”¥ğŸ˜‚ Enga poi mudiya pogudho.,2024-08-30T17:16:20Z,10131793,402408,0,1025
Arisi inime bag la store pannadhinga ğŸ˜³ğŸ”¥ Shadhik Azeez,2024-08-25T14:48:25Z,7274613,247228,0,1060
Mutta kanna vachu muttaya sedhara vutan ğŸ¤£ğŸ”¥ Shadhik Azeez,2024-08-24T16:45:31Z,4528910,228232,0,226
"Movie theatre ipdi poi parunga, Look chumma allum ğŸ”¥â¤ï¸ğŸ˜ Shadhik Azeez",2024-08-23T16:16:21Z,746330,43423,0,171
My YouTube Income & How im saving it â¤ï¸ğŸ”¥ğŸ˜ Shadhik Azeez,2024-08-20T16:04:49Z,81155,2274,0,265
Inime chicken grill Cake biscuit by elame veetle seiyalam ğŸ˜â¤ï¸ğŸ”¥Shadhik Azeez | Air frier,2024-08-18T16:13:45Z,563433,26581,0,156
Shopping mall la indha mistake pannadhinga ğŸ˜‚ğŸ˜³ shadhik azeez,2024-08-14T16:21:58Z,982833,59945,0,225
Acne problem? Get married soon ğŸ˜œğŸ¤£ Shadhik Azeez,2024-08-12T13:12:41Z,3772193,184389,0,315
Kitchen la Ivalo space uh ğŸ˜â™¥ï¸ Wife happy ğŸ˜Š Shadhik Azeez,2024-08-10T17:34:26Z,2519044,111482,0,278
Hair Fall Problem? This is the Reason ğŸ‘ˆ Hardwater ğŸ˜± | Shadhik Azeez,2024-08-07T13:43:45Z,97069,0,0,193
Petrol bunks la Air filling machine work aana na en idha vaanga poren ğŸ˜‚,2024-08-01T14:50:48Z,9239529,460137,0,863
Idhu enna da slow juicer ku vandha sodhana ğŸ˜± shadhik azeez,2024-07-27T16:30:43Z,6244855,244435,0,0
Amazon karan wardrobe la kunda thooki potutan ğŸ˜± shadhik azeez,2024-07-25T17:18:06Z,5147201,201226,0,581
Semma Luxury product â¤ï¸ But semma good price la ğŸ˜ Shadhik Azeez,2024-07-21T15:36:05Z,1037570,57878,0,224
Saloon style premium Trimmer ğŸ”¥ |  Must buy ğŸ˜ | Agaro Royal Multi grooming | Shadhik azeez,2024-07-21T09:56:32Z,320646,4880,0,360
Enadhu Rolex Watch uh ğŸ˜ğŸ”¥ Wife vera mari gift panirkanga â¤ï¸ Shadhik Azeez,2024-07-14T15:27:07Z,1834172,93743,0,431
"Enaku illana enna, Enaka aakira vendiyadhu dhan ğŸ˜‚ Shadhik Azeez",2024-07-13T17:03:10Z,9693682,316007,0,523
Online la order Panni romba naal aachu ğŸ˜œ Shadhik Azeez,2024-07-12T16:24:17Z,850009,44952,0,196
Pilgrim Hair Growth Serum Review | shadhik azeez @PilgrimIndia,2024-07-08T14:55:41Z,2004285,87239,0,887
Balcony View Attagasam ğŸ˜ aana manda bathram ğŸ˜± Shadhik azeez,2024-07-06T17:04:24Z,8231449,349816,0,544
Package Fulla Panam dhan ğŸ¤‘ğŸ’°Income reveal ğŸ˜ Shadhik Azeez,2024-07-03T15:36:05Z,6839560,382732,0,1437
Birthday Outfit ğŸ˜ GRWM | Shadhik Azeez,2024-06-30T13:08:46Z,2004539,142660,0,1652
My Wife Unboxing my Birthday gifts | Turned soo funny ğŸ˜‚ | Best gifts ğŸ˜ Shadhik Azeez,2024-06-22T16:01:52Z,480716,8688,0,437
Benefits of term insurance | Shadhik Azeez,2024-06-19T17:08:08Z,800584,65632,0,616
Wife ku Smart kitchen paniyachu ğŸ˜ğŸ”¥ Shadhik Azeez,2024-06-16T16:04:46Z,4729238,145653,0,356
Inime nalla thanni kediakum paah.. ğŸ˜ ğŸ”¥ğŸ‘,2024-06-11T13:02:02Z,2439037,109648,0,456
Omg my Skin ğŸ¤¯ Must Watch Before Buying Collagen Mask ğŸ˜³ Shocking Truth Revealed | Shadhik Azeez,2024-06-09T15:41:30Z,558819,3844,0,392
Kitchen chinnadhu but Storage Ivalo iruka? ğŸ˜±â¤ï¸ğŸ”¥ Shadhikazeez,2024-06-08T12:19:04Z,5081462,163746,0,504
Ivalo Kammi rate ku 100ml EDP Perfume uh ğŸ”¥ğŸ˜ Shadhik Azeez,2024-05-23T14:54:14Z,2098007,123136,0,846
Must Watch before Buying Vitamin C Serum for Skin Brightening | Shocking Results ğŸ˜±ğŸ˜ | Shadhik Azeez,2024-05-20T12:49:13Z,2876059,45528,0,2227
Best Air cooler for Summer | Safe for kids â¤ï¸ Wife Happy uh illaya ğŸ˜’ Eng Subtitles,2024-05-13T15:45:32Z,232238,0,0,305
Wife vangi kudatha sunglass odachutan ğŸ˜±ğŸ˜¡,2024-05-11T16:35:18Z,3494353,163142,0,417
Ethana Semmaya iruku ğŸ˜…Summer Sunglass from 350 Rs ğŸ˜±â¤ï¸ğŸ”¥ shadhikazeez,2024-05-03T15:44:47Z,1458689,91483,0,624
New Home ku New Roboâ¤ï¸ | Unboxing Agaro Robo Vaccum Cleaner with Wife ğŸ˜,2024-04-29T13:16:36Z,735644,8054,0,608
Bread ke indha nelamaya ğŸ˜±ğŸ”¥ Heat Protection Spray ğŸ˜â¤ï¸ Shadhik Azeez,2024-04-27T13:13:24Z,2955132,147572,0,530
â˜ï¸ Sunday oru naalachum ladies ku leave kudungappa â¤ï¸ğŸ˜¢Dishwasher | Shadhik Azeez,2024-04-21T14:46:36Z,10695723,393328,0,1075
Smellu nalla Iruku vera enna ğŸ˜…ğŸ”¥Unisex Perfume My Wife & Me use Together â¤ï¸ Shadhik Azeez,2024-04-17T10:13:48Z,2217261,129325,0,511
Vera Level Transformation to Wash basin with Wallpapers ğŸ˜ğŸ”¥,2024-04-14T15:31:14Z,3475771,166012,0,527
Adengappa Ivalo Orders uh ğŸ˜ğŸ”¥ | Pudhu laptop ae Vaangitan ğŸ”¥ | Shadhik Azeez,2024-04-10T15:11:02Z,4123109,182720,0,616
Wife Happy Annachi ğŸ˜ but T shirt dhan Veenachi ğŸ˜…,2024-04-07T12:49:14Z,7969597,341197,0,1010
Best Hair Styling Products in India ğŸ”¥ | Eng Subtitles | Shadhik azeez,2024-03-31T15:52:57Z,590395,9446,0,663
Surprise Gift to Wife ğŸ”¥â™¥ï¸ğŸ˜ | Shadhik Azeez,2024-03-29T14:57:45Z,6021319,252586,0,1441
Enadhu Alcohol illadha Body Spray uh ğŸ˜â¤ï¸ | Idhu super uh iruke ğŸ”¥ | Shadhik Azeez,2024-03-25T16:06:21Z,1799783,118104,0,556
Ramzan ku Vera level ğŸ”¥ Outfit Ready panniyachu ğŸ˜â™¥ï¸ Aepdi iruku? | Shadhik Azeez,2024-03-23T11:30:54Z,2549954,162471,0,688
Door Sound proof paniyachu ğŸ˜±ğŸ”¥ & Paiyan fingersum safe â¤ï¸ğŸ˜,2024-03-20T15:42:03Z,8097471,393163,0,624
Best Head Massager In India | Live usage experience | Genuine Review | Eng Subtitles | Shadhik Azeez,2024-03-17T14:53:43Z,308394,4888,0,453
ğŸ‘† Wow Vera level Wall decor Idea ğŸ˜â™¥ï¸ğŸ”¥ | Shadhik Azeez,2024-03-15T13:50:41Z,12094098,580335,0,1037
Wife Gifted me with Useful Car Tray ğŸ”¥â™¥ï¸ | Shadhik Azeez,2024-03-10T14:43:59Z,24871310,821037,0,1264
Semma ğŸ”¥ I tried this tape for the first time ğŸ˜ğŸ”¥ | Shadhik Azeez,2024-03-03T14:19:16Z,307527,3893,0,255
Semma !! TV LED Backlight set panniyachu â™¥ï¸ğŸ˜ |Shadhik Azeez,2024-03-01T15:57:38Z,4901935,248449,0,545
Philips OneBlade Review & Unboxing | The Best Grooming Tool for Men #BalloonTest,2024-02-26T14:00:04Z,172654,3440,0,166
Indha hanger enna ivalo super uh iruku ğŸ˜ğŸ”¥â¤ï¸ | Shadhik Azeez,2024-02-25T15:29:02Z,6120868,221594,0,604
Help pannadhu oru kutham ğŸ˜‚| Ladder vachu border cross panita | Shadhik Azeez,2024-02-24T11:16:08Z,7618416,285049,0,875
Must Watch if you are still drinking normal Tea Cofee | Blue tea | Shadhik Azeez | Not sponsored,2024-02-18T14:45:50Z,61470,1402,0,203
Idha try pannunga for one Week ğŸ˜ | Result nalla irukum ğŸ”¥ | Shadhik Azeez,2024-02-17T11:43:54Z,2105619,92861,0,405
Valentines Day Ku Gifta â¤ï¸ Adhum indha color uh ğŸ˜³ | Shadhik Azeez,2024-02-14T12:47:56Z,4027057,232449,0,566
Omg!! idhu enna evalo Super uh iruku ğŸ˜â¤ï¸ Indha rate ku semma worth | Shadhik Azeez,2024-02-11T15:46:34Z,5945954,295690,0,717
Must have Kids Safety item â™¥ï¸ | Bed rail | Shadhik azeez,2024-02-09T15:18:42Z,13038747,510883,0,1066
Must Watch Before Buying Viral Foot Peel Mask | Shadhik Azeez,2024-02-04T11:40:29Z,923540,7737,0,437
Office poringala ? Apo idha parunga ğŸ˜ğŸ”¥ Awesome Bamboo Office shirts | Shadhik Azeez #fashion,2024-02-01T14:26:10Z,5172132,280719,0,1289
Vera Level Cleaner for Home Hard Stains | Shadhik Azeez,2024-01-28T15:27:12Z,5220376,241929,0,707
Best Dressing Table in Budget ğŸ˜ğŸ”¥  | Shadhik Azeez,2024-01-24T16:27:20Z,2858875,147913,0,335
200 Rs Vera Level Heavy duty stand ğŸ˜ğŸ”¥ | Literally saved huge money | Shadhik Azeez,2024-01-19T15:45:25Z,3451591,129900,0,430
Luxury Perfume for Girls under 500 Rs | My wife's Favourite | Shadhik Azeez,2024-01-16T10:16:15Z,2373831,119528,0,503
Vera Level Tubelight Idea for Home | Dont miss it | Shadhik Azeez,2024-01-15T10:31:53Z,2056424,120898,0,259
Must watch this Test Before Buying any Sunscreen  | Shadhik Azeez | Eng Subtitles,2024-01-06T11:55:03Z,1214359,21361,0,1485
Best Luxury Perfume for Budget rate I ever used ğŸ”¥â¤ï¸,2024-01-05T15:15:51Z,4169217,238840,0,1191
ğŸ”¥ Useful Furniture for home. Veeta house tour ku ready pandran | Shadhik azeez,2024-01-03T16:13:08Z,5314035,241105,0,553
One week Weight Loss Challenge using Vibration Plate ğŸ˜ğŸ”¥ Shadhik Azeez,2024-01-01T14:59:21Z,479779,5213,0,605
Cloth Steamer Vera Level la iruku ğŸ”¥ Iron box ae theva illa ğŸ˜± Shadhik azeez,2023-12-24T11:31:59Z,1414599,0,0,272
One Week Skin fasting Challenge ğŸ”¥ğŸ˜ Skin Automatic Recovery | Shadhik Azeez,2023-12-21T15:49:13Z,426583,11473,0,547
Vera Level Colour lens for Very Low Price ğŸ˜ğŸ”¥,2023-12-17T12:10:29Z,2132403,155893,0,703
Must Watch | Revolutionary product for weight loss ğŸ˜  | Shadhik Azeez,2023-12-03T15:14:04Z,306348,4939,0,664
Inime wifi speed pichukkum ğŸ”¥ no signal problem ğŸ˜,2023-12-01T14:43:26Z,4348927,234037,0,824
Hair wax ipdi use panna safe ğŸ”¥â¤ï¸ Illana avlodhan ğŸ˜± #mensfashion,2023-11-29T08:59:22Z,1536262,93678,0,406
Indha White Sneakers vera level la irukum ğŸ”¥ğŸ˜,2023-11-23T09:44:23Z,1003989,56341,0,461
No more privacy Issues in Apartments ğŸ˜ğŸ”¥,2023-11-21T15:18:06Z,5946937,276275,0,459
Spacing Saving Dining Table for new Home ğŸ˜,2023-11-17T15:16:10Z,11822287,526119,0,1318
Blazer la ipdi elam color combination podalama ğŸ”¥ğŸ˜,2023-11-12T12:34:59Z,1467212,93038,0,416
2.5 Lakhs Tv Break Ana Avalodhan ğŸ˜±,2023-11-09T14:15:02Z,10981333,497269,0,1477
Yes dishwasher really works ğŸ‘ˆ but there is a catch ğŸ˜³Watch before using Dishwasher,2023-11-05T15:45:34Z,904950,9429,0,629
ğŸ‘† Full Video click here ğŸ‘† |  Natural Hair Color without side effects ğŸ˜,2023-11-03T14:19:25Z,2865002,135559,0,747
"Ultra big Magnetic Mosquito net ğŸ˜³ | Saved 70,000 Rs ğŸ˜±ğŸ˜ğŸ”¥",2023-11-01T14:29:09Z,11064541,504738,0,874
Must Watch Before Buying a Blazer for the first time | Shadhik Azeez,2023-10-23T11:51:35Z,84059,1829,0,142
Finally Bought our Dream House â¤ï¸ğŸ˜ | Shadhik Azeez | Not Sponsored,2023-10-08T14:57:03Z,1427194,26091,0,2309
Idhu enna Puthusaa irukku ğŸ˜ | 2 in 1 Fan + Air Purifier,2023-10-06T14:29:34Z,5804865,253464,0,959
Stylish Power and Non Power Computer Glasses  ğŸ”¥ğŸ˜Š,2023-10-03T13:07:37Z,843971,52495,0,270
Trending Alien Clogs ğŸ˜ğŸ”¥ğŸ˜±,2023-09-28T13:53:46Z,1652950,103757,0,640
Naidu Hall la Men's Shopping ğŸ‘™ğŸ˜œ shadhik azeez,2023-09-20T11:46:53Z,863425,46557,0,175
Natural Hair Dye Really Works | Henna Indigo | English Subtitles | Shadhik Azeez,2023-09-17T13:38:42Z,1642191,20035,0,1718
Teeth whitening pen Really Works ? Genuine Review | Shadhik Azeez,2023-09-10T14:10:33Z,403855,3147,0,202
Best Soap and Bodywash I Ever Used ğŸ˜,2023-09-08T13:10:08Z,10420534,477614,0,3139
Must watch before trimming your beard | Right away to Trim your Beard | Shadhik Azeez,2023-09-03T15:14:54Z,183526,5139,0,202
Air Fryer Cooking Challenge with Wife |  Detailed ReviewğŸ”¥ Shadhik Azeez,2023-08-27T16:22:46Z,547993,6708,0,421
3 Luxury Pilgrim Perfume Gift for 799 RS,2023-08-26T10:02:10Z,773422,53782,0,390
I tried Viral Dirt Removing Jel & Got shocking Results ğŸ˜±ğŸ˜ | English Subtitles | Shadhik Azeez,2023-08-21T13:38:21Z,3652385,23379,0,807
Got Free Ring Light ğŸ”¥â¤ï¸,2023-08-14T15:45:36Z,12175603,560482,0,895
Must Watch Before Buying Exfoliating gloves ğŸ˜±ğŸ”¥ English Subtitles | Shadhik Azeez,2023-08-13T13:59:41Z,237679,3591,0,329
Sports Sunglass Vaangiyaachu Finally ğŸ˜â¤ï¸ğŸ”¥,2023-08-08T12:18:34Z,4198420,246757,0,693
First time trying Customisable Perfumes ğŸ”¥â¤ï¸,2023-08-04T11:57:30Z,7577543,492261,0,757
Do this Immediately if you have Heavy Hair Fall ğŸ”¥â¤ï¸ Shadhik Azeez,2023-08-03T12:30:16Z,205372,6652,0,407
Safe Mosquito Trap machine | Zero Chemicals ğŸ”¥ğŸ‘,2023-08-01T16:07:49Z,3442811,211494,0,350
Ready made Hand Rest For Car ğŸ˜ğŸ”¥,2023-07-27T16:16:54Z,9153404,457099,0,985
Black Dress cleaning Hack ğŸ˜ğŸ”¥â™¥ï¸,2023-07-24T15:04:55Z,5242251,331952,0,797
Watch Before Buying Dermalogica Daily Microfoliant â¤ï¸ğŸ”¥  Eng Subtitles | Shadhik Azeez,2023-07-23T14:14:35Z,429448,4299,0,322
College Outfit for tuesday & Wednesday ğŸ˜â™¥ï¸ğŸ”¥,2023-07-22T16:13:25Z,1753587,145718,0,1272
Best Natural Hair Wax Cream ğŸ˜ Strong Hold ğŸ”¥â¤ï¸,2023-07-20T11:56:00Z,1542024,116884,0,831
Luxury perfumes in Budget Price ğŸ˜ğŸ”¥â™¥ï¸ Pilgrim Perfume Shadhik Azeez,2023-07-19T12:15:51Z,1360676,87663,0,369
My sweat shirt collection ğŸ”¥â¤ï¸ Shadhik Azeez,2023-07-17T17:02:18Z,1046137,70738,0,506
Gifting tv to our maid akka â¤ï¸ shadhik azeez,2023-07-16T12:12:44Z,24237115,1684384,0,16605
Villain Oudh perfume Review | Shadhik Azeez,2023-07-12T10:39:41Z,1704315,137018,0,483
Unboxing my BD Gifts with my Wife ğŸ | Nalla Maatikitan ğŸ˜‚ | Shadhik Azeez,2023-07-09T15:01:32Z,1336689,20764,0,785
Over sized T shirt Outfit Ideas ğŸ˜ğŸ”¥ Vera Level Printing,2023-07-03T16:10:14Z,1377112,108964,0,1622
Monday College Outfit idea ğŸ”¥â¤ï¸ğŸ˜,2023-07-02T11:34:14Z,1901227,173193,0,1137
Bakrid outfit podunga ğŸ˜‹ Podalame â¤ï¸ğŸ˜Š,2023-06-30T07:07:06Z,1493154,124223,0,756
Easy stain removal on White clothes ğŸ˜ğŸ”¥,2023-06-29T08:46:20Z,1848180,131383,0,283
I tried Viral Hair Straightening Keratin Mask & Got unexpected Results ğŸ”¥ Shadhik Azeez,2023-06-25T14:28:30Z,1502668,12264,0,534
My New Golden Puma Sneakers ğŸ˜ğŸ”¥â¤ï¸,2023-06-23T15:50:18Z,3553125,226290,0,823
"We Spent more than 50,000 for this Car Modification ğŸ”¥Worth Dude ğŸ˜â¤ï¸",2023-06-20T09:45:06Z,575989,6427,0,281
Wife Unboxing Golden Play button In Middle of the Ocean in Cordelia Cruise ship ğŸ˜ğŸ”¥,2023-06-16T17:07:51Z,331009,5085,0,372
Meeting Girl Friend for the First time Outift ğŸ˜ğŸ˜ğŸ”¥â¤ï¸ Shadhik Azeez,2023-06-15T16:33:44Z,1634340,132807,0,775
Vera Level Travel Gadget Must Have ğŸ”¥ğŸ˜ Shadhik Azeez,2023-06-13T15:32:54Z,3841573,278700,0,645
Dad Doing Hair cut for his son ğŸ˜ Fun Gauranteed ğŸ‘ŒğŸ˜‚ Shadhik Azeez,2023-06-04T16:30:37Z,215719,3024,0,236
Safe Hair styling Jel without side effects | Shadhik Azeez,2023-05-29T12:16:15Z,1595794,108996,0,1067
Best trimmer under 800 Rs ğŸ”¥ğŸ˜â¤ï¸,2023-05-28T13:25:29Z,3015200,181911,0,682
Socks vacha crocs idhu pudhusa irukeğŸ˜ğŸ”¥ğŸ‘Œ,2023-05-28T12:03:14Z,1926796,107564,0,261
No more Kosu tholla in Room ğŸ˜â¤ï¸ğŸ”¥,2023-05-27T17:05:00Z,17907826,656161,0,935
Job kedaikalaya ! Ivanga soldradha panunga  ğŸ˜ 100 % Job Kedaikum ğŸ”¥ | Shadhik azeez,2023-05-27T05:35:48Z,33058,0,0,117
Best Ring Light | My Main Light | Shadhik Azeez,2023-05-26T14:55:16Z,2145018,146230,0,553
Best Night Riding Glass ğŸ˜ğŸ”¥ğŸ˜,2023-05-23T14:10:06Z,7028375,425449,0,1040
My Video Camera Revealing to subscribers ğŸ”¥ğŸ˜,2023-05-23T09:33:50Z,1375876,120176,0,333
Full Denim Outift Ideas ğŸ”¥ğŸ˜â¤ï¸ Shadhik Azeez,2023-05-22T16:32:44Z,1282347,99993,0,709
My First Car Wife Revealing â¤ï¸ğŸ˜ğŸ”¥ Shadhik Azeez,2023-05-21T15:14:29Z,998309,23568,0,1853
Cleaning my Mi Air purifier Filter ğŸ”¥ğŸ˜³,2023-05-18T14:38:56Z,7279839,349040,0,763
Summer Casual outfit ideas ğŸ”¥â¤ï¸ğŸ˜,2023-05-17T16:04:54Z,1068938,75960,0,490
I bought this weight machine for just 299 Rs ğŸ”¥ğŸ˜ğŸ‘Œ,2023-05-17T11:51:15Z,5098825,217300,0,845
Low Budget Juicer but Powerful ğŸ”¥â¤ï¸ğŸ˜ğŸ”¥,2023-05-14T15:37:51Z,5114357,198913,0,934
Easy trick to make wife happy ğŸ˜â¤ï¸ğŸ”¥,2023-05-14T09:27:21Z,8429765,356731,0,749
My Summer Skin Care Routine in Budget ğŸ˜â¤ï¸ğŸ”¥ Shadhik Azeez,2023-05-08T05:51:51Z,358603,9835,0,514
Healthy Breakfast Recipe ğŸ˜‹ğŸ˜â¤ï¸Tasty,2023-05-04T16:58:53Z,31925265,976609,0,1421
Playing Cricket in Home Gone Wrong ğŸ˜±ğŸ˜³ğŸ˜¡,2023-05-04T11:50:36Z,23933037,739152,0,992
Sweat shirt Yapo Podanum ! Summer or Winter ? ğŸ¤·ğŸ¤”,2023-04-30T17:34:15Z,981544,73775,0,448
Must Watch Before Buying Viral Body Whitening Cream ğŸ˜±ğŸ˜³ğŸ”¥,2023-04-30T11:14:20Z,1595959,17704,0,849
Facial Steamer for Cold and Skin Care ğŸ”¥ğŸ˜,2023-04-29T10:27:41Z,1600542,109006,0,500
Airport Outfit Idea ğŸ”¥ğŸ˜â¤ï¸,2023-04-28T16:51:55Z,1636945,135238,0,724
Portable mini Studio ğŸ˜ğŸ”¥â¤ï¸ Vera Level,2023-04-27T14:01:45Z,678450,46757,0,117
Must Watch Before Buying Electric Tooth Brush ğŸ˜±ğŸ”¥ Shadhik Azeez,2023-04-23T13:06:06Z,152899,2937,0,207
Best sports shoe under 1800 ğŸ”¥ğŸ˜â¤ï¸,2023-04-18T13:51:40Z,1270407,72310,0,890
I Never thought this will Work ğŸ”¥ğŸ˜±ğŸ˜³Must Watch before buying Stain removal Rollon,2023-04-16T16:27:54Z,1086945,9029,0,405
Best Weight Machine ğŸ˜ğŸ”¥ğŸ‘,2023-04-15T16:48:09Z,1781961,95784,0,678
White Sneakers under 500 ğŸ”¥,2023-04-15T11:16:32Z,1099245,86278,0,471
Best UV light filter computer Glass ğŸ˜ğŸ”¥ğŸ˜,2023-04-14T13:43:23Z,1561505,120921,0,857
Best Shirts under 350 Rs ğŸ˜ğŸ”¥,2023-04-13T09:39:09Z,1754352,124761,0,899
Best Bath Towel for Long life ğŸ”¥ğŸ˜,2023-04-11T06:22:54Z,3478090,197150,0,1258
Best Joggerâ€™s For men after 3 years Usage ğŸ”¥ğŸ˜,2023-04-10T13:33:01Z,2252849,162509,0,885
Best Car Perfume under 500 Rs ğŸ”¥ğŸ˜Š,2023-04-09T13:46:41Z,861001,62247,0,165
Chilla Chilla Thala Outfit ğŸ˜ğŸ”¥,2023-04-09T09:09:06Z,1083515,82835,0,704
Kammi Rate la Crocs Model Clogs ğŸ”¥ğŸ˜ğŸ˜±,2023-04-06T13:56:16Z,1321993,90435,0,369
Get Pakka V Sharp Beard with this Trick ğŸ”¥ğŸ˜â¤ï¸ğŸ˜±,2023-04-06T11:02:39Z,3044376,222892,0,687
Expectation vs Reality | Varisu Outfits in Real Life ğŸ”¥ğŸ˜±ğŸ˜³,2023-04-05T15:25:36Z,1059863,69123,0,847
Hidden Heals Hack to Look Tall ğŸ”¥ğŸ˜³ğŸ˜±ğŸ˜ğŸ”¥ğŸ‘Œ,2023-04-05T09:34:14Z,1556874,144981,0,713
Beast Movie Outfit ğŸ”¥ğŸ˜ğŸ˜±â¤ï¸,2023-04-04T13:19:55Z,768719,66478,0,888
White Crocs for Street and Decent Vibe ğŸ”¥ğŸ˜â¤ï¸,2023-04-03T17:04:54Z,2984873,134181,0,332
How to Take Pram Inside Airplane ? ğŸ”¥ğŸ˜³ğŸ‘Œ,2023-04-03T15:09:20Z,1302223,88323,0,103
Varisu Checkered Shirt Outfit ğŸ˜â¤ï¸ğŸ”¥,2023-04-03T10:13:48Z,1956837,153456,0,992
Best Shaving Razor I ever Used ğŸ”¥ğŸ˜,2023-04-03T07:58:21Z,3571379,224796,0,788
Must Have Gadget for Big Size Tv ğŸ”¥ğŸ˜ğŸ˜±â¤ï¸,2023-04-01T18:16:44Z,1254843,101099,0,429
Inimae kids will be active ğŸ”¥ğŸ˜â¤ï¸ Must have kids Toy,2023-04-01T15:49:20Z,19152950,783911,0,0
How to Wash Leather Shoe ğŸ”¥ğŸ˜âœŒï¸,2023-04-01T12:28:41Z,5290650,333810,0,808
Baby Car seat Safety or not ?,2023-04-01T09:17:39Z,7801877,416083,0,643
My Ramzan outfit shopping ğŸ”¥ğŸ˜ Shadhik Azeez,2023-03-31T09:07:04Z,2685402,219915,0,2915
Best Gaming Keyboard and Mouse under 1200 Rs,2023-03-27T17:21:36Z,446246,33768,0,263
Easy Beard Shaping Trick ğŸ˜ğŸ”¥,2023-03-27T14:27:36Z,5549131,322609,0,817
T shirts under 400 Rs ğŸ˜ğŸ”¥ Shadhik Azeez| Fashion,2023-03-27T10:30:13Z,1090106,82798,0,540
24 K Gold Facial Cream Genuine Customer Review | Shadhik Azeez,2023-03-26T16:56:38Z,531306,5021,0,448
I dint start this bike for years ğŸ”¥ğŸ˜± What happened?,2023-03-25T16:16:25Z,5247209,421566,0,883
VARISU entry Outfit ğŸ”¥ğŸ˜â¤ï¸,2023-03-25T12:41:39Z,1316168,99923,0,455
Easy White Shoe chappal Cleaning machine ğŸ”¥ğŸ˜,2023-03-24T17:09:58Z,3588372,229971,0,610
Pimple patch really works ? ğŸ˜±ğŸ˜³ğŸ”¥,2023-03-23T14:43:38Z,3307322,206775,0,454
Sugar Cane Juice in Slow Juicer Experiment ğŸ”¥ğŸ˜³ğŸ˜±,2023-03-22T15:35:52Z,9738190,374841,0,1248
Indha Watch 25000 uh ? Lifelong no battery.,2023-03-22T12:01:53Z,3216870,222044,0,466
Viral Color Changing Foundation for Genuine Review | Shadhik Azeez,2023-03-20T15:15:30Z,474493,4649,0,309
Fresh Face Hack ğŸ˜ğŸ”¥â¤ï¸,2023-03-18T14:42:37Z,1119896,86742,0,314
Best perfume under 500 for Boys & Girls â¤ï¸ğŸ”¥,2023-03-18T10:22:01Z,2682137,189327,0,788
Thunivu outfit original Replication ğŸ˜ğŸ”¥â¤ï¸,2023-03-17T14:58:24Z,1943121,166888,0,1828
Self Hair cut Ivalo Easy uh ğŸ˜ğŸ”¥ Tutorial,2023-03-17T10:58:12Z,6625743,449388,0,1837
Must Watch Before a buying Invisible Braces | Genuine Review | Eng Subtitles |Shadhik Azeez,2023-03-12T16:33:08Z,1221379,11709,0,876
Vera Level Face Pack for Fresh Face Look ğŸ”¥ğŸ–¤ğŸ˜,2023-03-11T16:24:30Z,4831326,332968,0,1018
Reversible T shirt Ideas â™¥ï¸ğŸ”¥,2023-03-10T16:38:28Z,4055002,241897,0,916
My Function Outfit Idea ğŸ˜ Black and Grey ğŸ”¥,2023-03-07T15:03:05Z,4669151,353224,0,1328
Full Black Outfit Ideas ğŸ”¥ğŸ˜ ğŸ–¤,2023-03-06T11:17:37Z,1283825,110100,0,808
Simple and Class Party outfit idea ğŸ”¥ğŸ˜,2023-03-04T10:26:39Z,1587852,150270,0,644
Flipkart sent Stone instead of IPhone ğŸ˜±ğŸ˜³,2023-03-03T15:44:40Z,1237215,90389,0,131
Must Watch Before Buying Viral Oil control Volcano Roll on | Genuine Review | Shadhik azeez,2023-02-26T16:42:31Z,246630,2953,0,201
Artificial intelligence AC for Mom Dad Room ğŸ”¥â¤ï¸ Semma Power Saving.,2023-02-23T13:34:30Z,8260715,321513,0,1636
Easy Coconut Milk Extracting ğŸ˜â¤ï¸ Wife happy Annachi ğŸ˜â¤ï¸,2023-02-22T11:20:55Z,11062902,416485,0,866
Vera Level Car Vaccum Cleaner ğŸ”¥ğŸ˜â¤ï¸ Inime service ku 500 Micham ğŸ‘,2023-02-21T15:11:55Z,11080726,477383,0,718
Mosquito Door Net for kids Safety ğŸ˜ğŸ”¥â¤ï¸ @ShadhikAzeez,2023-02-19T14:38:40Z,13067612,589456,0,682
I tried Natural Henna Hair Color Paste & Got Shocking Results ! Shadhik Azeez,2023-02-18T09:10:37Z,183043,2535,0,228
Best Outfit Collection from Just 300 Rs Only  ğŸ”¥ğŸ˜,2023-02-07T14:49:10Z,116771,3903,0,150
I tried Viral Foot Detox Pads and Got shocking ResultsğŸ”¥ğŸ˜± Genuine Review | Not sponsored | Shadhik,2023-02-04T15:00:34Z,4642884,15533,0,575
Outdoor la shirt shoot vachadhu thappa pochu. ğŸ˜„,2023-02-01T07:56:15Z,1011167,71325,0,266
Unique Black & Gold Checked Shirt ğŸ˜ğŸ”¥ @shadhikazeez,2023-01-27T12:42:23Z,576851,47960,0,231
Straightening hair with Bblunt Ionic Hair Straightening Brush ğŸ”¥ Sponsored,2023-01-25T06:13:43Z,2738735,167267,0,554
Self hair cut tutorial at Home Got Shocking Results ğŸ˜± Shadhik Azeez,2023-01-22T16:16:16Z,228335,5049,0,296
Best camouflage shirt I Ever Seen for 590 Rs. â¤ï¸ğŸ”¥Must buy ğŸ˜,2023-01-22T10:02:09Z,703068,53980,0,186
How to get attractive Beard ğŸ˜ğŸ”¥,2023-01-17T15:26:36Z,867979,7565,0,271
Tips before you shop online  ğŸ”¥,2023-01-16T08:40:36Z,1430535,116968,0,186
Flying Fighter Jet Like Top Gun Maverick ğŸ˜,2023-01-10T11:23:27Z,1406575,112311,0,236
New Driving wheel for Realistic car gaming ğŸ˜ğŸ”¥â¤ï¸ Logitech G29,2023-01-10T06:45:37Z,9307847,493642,0,1660
Gaming Channel Setup with Curved monitorğŸ”¥ğŸ˜â¤ï¸,2023-01-09T15:40:56Z,1838541,170379,0,255
New gimbal for shorts videos ğŸ˜ğŸ”¥,2023-01-09T11:03:38Z,3527170,217056,0,323
This Door Guard will save you from poisonous insects & snakes ğŸ˜±ğŸ”¥ğŸ”´ #shadhikazeez,2023-01-08T14:04:53Z,15163400,562192,0,766
No more entry in to Kitchen ğŸ˜„ Kids Safety Gate #shadhikazeez #ayaanazeez,2023-01-07T15:39:47Z,31939538,1177631,0,1349
White chappals will make you look premium ğŸ”¥ğŸ˜,2023-01-06T14:20:02Z,2338428,151569,0,387
Slow Juicer Detail Review ğŸ‘ˆ Must Watch before Buying one |  Eng Subtitles | Shadhik Azeez,2023-01-04T14:47:43Z,597385,8184,0,354
Appa Romba Strict But not after this Gift â™¥ï¸ğŸ˜,2022-12-27T13:00:10Z,5849861,406601,0,455
Effective Weight loss Cross trainer | 800 calories per hour ğŸ”¥ğŸ˜±,2022-12-26T13:34:41Z,4712792,228813,0,644
"Acne Scars , Dark spots , Pigmentation, Hair removal , Sun tan , Stretch marks | 100 % Results",2022-12-25T08:33:20Z,282522,0,0,287
Best Hair Styling Cream I ever Used ğŸ‘ No Harmful Chemicals #shadhikazeez,2022-12-22T10:00:50Z,1249635,90809,0,333
Idhu therinja online le water heater vangirpan ğŸ˜±,2022-12-20T14:21:23Z,16376047,629891,0,917
Small Surprise to Wife but unexpected Reaction ğŸ˜â¤ï¸,2022-12-15T17:03:14Z,4314457,292123,0,538
No more difficulty to drive car In Rain ğŸ˜ğŸ”¥â¤ï¸,2022-12-15T11:35:16Z,20458651,818556,0,995
I tried Ear Cleaning Candles on my Friend & Got Terrible Results ğŸ˜±ğŸ”¥ Shadhik Azeez,2022-12-12T12:49:53Z,843163,13042,0,303
Home Made Natural Hair Oil for Hair Growth ğŸ˜ No Side Effects | Shadhik Azeez,2022-12-11T15:41:44Z,190500,6056,0,281
Doing Chiropractic Cracks for the first time ğŸ˜±ğŸ”¥,2022-12-08T08:40:50Z,14641911,806768,0,1222
Father and Son wearing Same Blazer for first time ğŸ˜ğŸ”¥â¤ï¸,2022-12-02T15:02:14Z,12796292,814247,0,2233
This premium Perfume will Blow your Mind ğŸ”¥â¤ï¸ğŸ˜,2022-11-30T13:40:40Z,936727,76488,0,204
Usher Makkale ğŸ˜³ğŸ˜±,2022-11-25T12:50:32Z,322676,20416,0,78
Hair Transplant PRP GFC Side Effects | Bald Hair Regrowth Possible ? Ask Doctor Part 1,2022-11-23T02:30:03Z,364293,8563,0,533
Wife knows 7 languages but me only Tamil ğŸ¤£,2022-11-14T14:32:08Z,3247107,183872,0,715
I tried Black and brown shampoo hair colors same time in hair | Got Shocking Results ğŸ˜ğŸ”¥â¤ï¸,2022-11-13T09:55:30Z,270043,3810,0,297
I Successfully created my Dream Home Gym Setup ğŸ˜ğŸ”¥ Shadhik Azeez,2022-11-08T13:47:00Z,482138,7092,0,243
Beast Shirt Review ğŸ˜ğŸ”¥ Vera Level,2022-11-05T17:06:15Z,4262955,270532,0,1129
Mixture Saptu Game Veladunadhu oru Kuthama ğŸ¤£ğŸ˜… Shadhik Azeez,2022-11-01T09:59:10Z,28237137,1134523,0,1331
Ada ivalo naal idhu theriyama pochae ğŸ˜… Ini Ella shirtum set aagum ğŸ˜,2022-10-30T12:10:51Z,3333374,238932,0,531
Best hair styling product I ever used |  Vera Level ğŸ˜ One step styling â¤ï¸ Hot brush ğŸ”¥ Shadhik Azeez,2022-10-29T10:38:27Z,504656,8843,0,461
Diwali Crackers vs Air Purifier ğŸ˜±ğŸ˜³ #shadhikazeez,2022-10-25T08:45:48Z,5339544,335914,0,657
I tried Chinese Viral Teeth White Strips | Got Shocking Results | Shadhik Azeez,2022-10-23T13:36:50Z,3120174,31904,0,765
"Bought My Dream 65"" OLED TV in Offer Priceâ¤ï¸ğŸ˜ğŸ”¥ #shadhikazeez",2022-10-17T09:38:33Z,3668661,250314,0,682
My Fridge Total Damage ğŸ˜‚ I see just for New Fridge #shadhikazeez,2022-10-15T06:09:54Z,26312668,965380,0,1185
Wearing Designer Shirts for the First time â¤ï¸ğŸ”¥ Vera level #shadhikazeez,2022-10-14T10:26:16Z,9070261,566980,0,1598
Most addictive Vanilla Body Spray I recently usedğŸ˜â¤ï¸ğŸ”¥,2022-10-12T07:20:56Z,2056283,142664,0,707
1 million Celebration ğŸ˜ğŸ”¥â¤ï¸ @ShadhikAzeez,2022-10-11T11:25:28Z,1104904,106028,0,576
This product made my wife soooo happy ğŸ˜ğŸ”¥â¤ï¸ #shadhikazeez #shortsfunny,2022-10-09T15:12:32Z,8678967,0,0,83
Singing for the first time with Voice activated Lights ğŸ˜ğŸ”¥â¤ï¸,2022-10-04T09:23:29Z,346753,23899,0,276
Bought Real size tiger for my Son ğŸ”¥ğŸ˜±,2022-10-02T12:22:11Z,12242657,560826,0,424
Shopping for wife with kid is a big mistake ğŸ˜…,2022-09-30T08:10:43Z,5692841,240906,0,375
1 million Celebration with Biggest Rocket ğŸ˜ğŸ”¥,2022-09-27T13:35:00Z,6361455,397159,0,948
Tried Girls T shirt for the first time ğŸ˜œ but itâ€™s WOWğŸ˜ğŸ˜±ğŸ”¥â¤ï¸,2022-09-27T07:39:45Z,14655678,691561,0,1215
Changing My Beard Look for the First time | Shadhik Azeez,2022-09-24T07:23:08Z,342138,6982,0,495
Must Watch before Choosing Shirt Sizes Online ğŸ˜± | No more Shirt Return ğŸ˜â¤ï¸,2022-09-17T13:49:42Z,1303161,98497,0,187
Shirt Shopping with Kid.. Took him inside Trail room ğŸ¤£,2022-09-15T14:51:01Z,4261826,256092,0,302
Spoiled my hand ğŸ˜­ Never use this Chinese product ğŸ˜¡,2022-09-14T09:57:43Z,5099683,264140,0,1103
Must Watch before buying Viral Hair Eraser | English Subtitles | Shadhik Azeez,2022-09-11T14:23:05Z,1471900,10398,0,475
Budget Running Shoe Under 700 ğŸ”¥ğŸ˜ƒ,2022-09-09T10:15:52Z,1263322,82534,0,357
Start YouTube in Less budget ğŸ˜ğŸ”¥ Usefull for new YouTubers,2022-09-07T12:28:27Z,1162299,100455,0,259
I tried this Korean Skin Brightening Face wash for 7 days & Got Shocking Results | Shadhik Azeez,2022-09-04T14:45:49Z,3877432,52484,0,1855
Must have shirt for College and Office ğŸ˜â¤ï¸ğŸ”¥,2022-09-03T07:20:26Z,910408,61748,0,336
Try this Shirt if you want to look Smart ğŸ˜â¤ï¸ğŸ”¥,2022-09-01T12:04:06Z,1040151,73751,0,280
Bought Semma Shoe in Semma Deal ğŸ˜ğŸ”¥| Shadhik Azeez #shorts #shadhikazeez #adidas #shoes,2022-08-30T10:53:43Z,1189880,79338,0,224
Affordable & Stylish Slippers for men starting from 299 Rs | Tamil | Shadhik Azeez,2022-08-24T09:43:46Z,522874,12326,0,224
Please Watch Before Buying Viral Dry Shampoo | Got Shocking Results ğŸ˜± English Subtitles,2022-08-11T12:37:09Z,1364765,8293,0,403
Best Hair Removal Cream | Live Testing all Brands | Shadhik Azeez,2022-08-07T14:52:42Z,1095680,13517,0,549
My New Xiaomi 12 pro amazing Camera & Powerful Performance,2022-08-06T10:27:40Z,1060345,73754,0,346
This Carpet will Blow your mind ğŸ˜ Bed mari cushion  ğŸ¥°,2022-08-05T13:58:33Z,10995063,497303,0,998
My New Ozone Bath Tub worth 80000 Rs ğŸ˜ğŸ”¥,2022-08-02T14:27:32Z,14688983,613406,0,1785
Do this to make your tyre look Awesome ğŸ˜ğŸ”¥,2022-07-30T12:55:50Z,3110317,182760,0,248
Mini KTM Duke Bike for my Son ğŸ”¥ğŸ˜,2022-07-29T15:45:32Z,6474030,349164,0,0
5 Natural Hair Styling Tips that everyone Should Know | Shadhik Azeez,2022-07-23T05:30:11Z,136024,5902,0,270
Wife gifted me this shoes and look what happened.. ğŸ˜‚,2022-07-21T13:32:02Z,652725,56900,0,128
This 500 Rs Shirt will Blow your mind ğŸ”¥ğŸ˜,2022-07-20T04:30:10Z,1257195,83583,0,603
I ran 3 kms daily for 7 days after drinking Chia Seeds & the result was shocking ğŸ”¥ğŸ˜³ | Shadhik Azeez,2022-07-17T15:59:34Z,316319,5782,0,297
Most Advanced Trimmer | Philips all in One | Detailed Review | Shadhik Azeez,2022-07-10T13:20:28Z,723486,15151,0,331
"Really Bad Customer Service, Watch Before Buying this inverterâ€¦",2022-07-09T14:55:22Z,3467534,191136,0,803
New Car Seat for my Son ğŸ˜â¤ï¸,2022-07-05T12:46:26Z,10148365,431418,0,517
My Wife selected this shirts for me â¤ï¸ğŸ”¥ How is itâ€¦.??,2022-07-03T08:42:17Z,5781225,374853,0,2729
How to Control Hair Fall Naturally for Men and Women | Tamil | Shadhik Azeez,2022-06-27T15:10:32Z,803380,32806,0,803
Best Water Purifier in India | 10 yrs warranty ğŸ˜±ğŸ”¥ Stainless steel tank | Mineral boost | Shadhik,2022-06-17T14:21:28Z,6396993,295469,0,1016
This simple Lighting setup Idea will blow your mind ğŸ”¥ğŸ˜,2022-06-15T05:00:28Z,2271176,159162,0,211
Which is Best Suncream in India | Live tested in Hot Sun at 40* C | Shadhik Azeez,2022-06-09T13:32:57Z,2937984,84759,0,2349
Must have T-shirt for Madras guys ğŸ˜ğŸ”¥,2022-06-05T11:08:12Z,498135,34621,0,95
I drink Ashwagandha for 7 days | Got shocking Results | Shadhik Azeez,2022-05-31T06:04:51Z,566446,13982,0,1008
Vera Level Dishwasher for Indian Cooking | Review after one year,2022-05-26T09:03:05Z,11708778,626671,0,2778
This Branded trimmer is outdated or Still worth it?,2022-05-23T15:54:57Z,1859929,103404,0,230
My son's new Jeep ğŸ”¥ Semma weightu paah,2022-05-21T15:01:19Z,7802190,494013,0,0
This Shirt will Blow your mind ğŸ˜±,2022-05-19T09:26:59Z,4618344,266025,0,1123
White Meesa to Black in Sec With Magic Mirror ğŸ˜±,2022-05-17T11:17:10Z,746278,51109,0,181
Easy Studio idea for Beginners,2022-05-12T15:18:37Z,9142911,494905,0,426
Instant Car Scratch Removal Cream ğŸ˜±,2022-05-11T04:00:18Z,3143888,195313,0,780
Trail Room la Camera ğŸ˜³ğŸ˜± | Ramzan Shopping,2022-05-06T04:36:26Z,7144287,431126,0,1318
My Son Broke the Tv ğŸ˜­ So I did this.,2022-05-01T16:11:09Z,22193305,980152,0,0
Simple & Class T-shirt to look Hot ğŸ”¥ For men  #shadhikazeez  Link ğŸ‘‰,2022-04-30T16:27:31Z,1602596,111792,0,340
Maintain beard in same look for years,2022-04-27T11:11:52Z,16225820,830537,0,1698
I tried Viral Bubble Sheet Mask | Got Shocking Results | Shadhik Azeez,2022-04-24T11:13:43Z,269162,7466,0,309
Sleep in Car Easily With Car Bed | Must have if you have car.,2022-04-22T10:40:42Z,16018682,803381,0,1038
Silver Chain Gift by my Wife | How is it ? ğŸ˜‚,2022-04-21T08:15:59Z,15645723,794560,0,1096
How to Stand Out in Crowd with Stylish Outfits | Tamil | Shadhik azeez,2022-04-16T07:23:23Z,67456,2643,0,135
I drink Viral ChiaSeed Weight Loss Drink for 1 Week | Got Shocking Results | English Shadhik Azeez,2022-04-10T12:30:18Z,4018684,72912,0,3469
My Recent Addiction Perfume | Must have if you are men | Shadhik Azeez,2022-04-10T06:39:11Z,403753,9120,0,330
Viral Quick Dry Towel | Please Watch before Buying | Shadhik Azeez,2022-04-03T08:20:25Z,1090251,9409,0,450
Waffle With Ice cream must try ğŸ˜ğŸ˜‹,2022-04-02T13:52:53Z,5948813,369940,0,304
Cleaning my Wife Leg Challenge | Shadhik Azeez,2022-03-29T16:30:29Z,11509328,564584,0,1070
Viral Chinese sea weed Vs Indian sea weed | Which is best? Shadhik Azeez,2022-03-26T07:19:57Z,103514,2497,0,157
Stylish outfit ideas for just 270 Rs,2022-03-25T07:08:05Z,966309,71928,0,1427
Watch Before Buying Viral Magnetic skin glow pack | English Subtitles | Shadhik azeez,2022-03-21T11:58:45Z,1019050,9591,0,388
Worth for Money Trimmer | Fast charge | Corded & Cordless Phillips | Shadhik Azeez,2022-03-20T10:20:07Z,1105295,71805,0,415
Amazing Sunset Spot in Chennai | Must Visit #shadhikazeez,2022-03-18T15:02:55Z,9315658,566353,0,901
Must Watch Before Buying Electric Face Massager & Cleanser | Shadhik Azeez,2022-03-13T10:36:01Z,349216,4018,0,201
America Mapillai Get up ğŸ˜…ğŸ”¥â¤ï¸ Simple & Class Look,2022-03-12T08:48:53Z,952280,81160,0,384
Best Perfume Series | Episode 1- Skin Titan Couple Perfume,2022-03-11T12:36:59Z,1637081,123088,0,677
First Time Shopping Vlog with Wife  Ended in Tragedy | Shadhik Azeez,2022-03-08T13:54:44Z,289800,9737,0,314
360 Rs Ku Vera Level T-Shirt ğŸ”¥ | Shadhik Azeez#tshirt #mensfashion #shadhikazeez,2022-03-05T11:50:06Z,2801564,164488,0,533
Wearing Color Lens Gone Wrong ğŸ˜± First Time Color Lens Must watch before Using | Shadhik Azeez,2022-03-02T05:50:05Z,2890607,13905,0,635
One Side Under Cut Hair Style | Shadhik Azeez,2022-02-28T11:25:51Z,5250544,257705,0,621
"Which is Best, Love or Arranged marriage ? Advantages & Disadvantages of Love | Shadhik azeez",2022-02-22T04:31:17Z,97065,3954,0,377
Beard growth tips | Beard Oil #shadhikazeez #beard #beardoil,2022-02-20T05:39:44Z,728063,47017,0,124
New mic Rs 30K | RODE Wireless Go 2 Unboxing #shadhikazeez #rode #wirelessmic,2022-02-17T04:30:04Z,226117,8384,0,33
Magical Skin Brightening Face Pack ğŸ”¥ğŸ˜ğŸ˜± Shadhik Azeez,2022-02-13T15:23:21Z,2249288,49782,0,1355
Best Gifts For Valentine's Day | Beautiful Collection Ever â¤ï¸ğŸ˜ | Shadhik Azeez,2022-02-10T14:32:49Z,535787,7421,0,252
"Car learning Gone Wrong, It's not my car too ğŸ˜± Vlog Shadhik Azeez",2022-02-07T05:36:20Z,46880,1288,0,63
How to be Successful in Life ğŸ”¥â¤ï¸ #shadhikazeez #motivation,2022-02-06T11:12:22Z,393574,34408,0,234
This is How I Play with my Son @AyaanAzeez,2022-02-05T09:38:34Z,305095,13851,0,35
Try this Method if you are a hair oil hatter ğŸ˜,2022-02-03T12:06:00Z,6549508,436818,0,1375
"You may be the Next Victim of the Scam, Watch and Share to Maximum | Shadhik Azeez",2022-01-30T10:59:01Z,42655,1942,0,179
Sound Proofing my Window in Just 2000 Rs,2022-01-28T12:58:32Z,2098493,112248,0,303
Changing your Water Quality will make you look Young ğŸš¿ğŸ˜± With Proof,2022-01-23T05:50:31Z,463621,6899,0,381
Viral Sunisa on my Dusky Skin Friend got Shocking Results ğŸ˜± | Shadhik Azeez,2022-01-21T07:23:40Z,966474,6306,0,423
Applied Seaweed mask on my dusky skin friend | Got shocking ResultsğŸ˜± | Eng Subtitles | Shadhik Azeez,2022-01-04T11:08:09Z,155113,3371,0,295
100% Natural Hair Style Powder Wax | No side effects |  High Hair volume | Tamil | Shadhik azeez,2021-12-26T05:53:15Z,361458,14913,0,610
I tried Master Vijay Look Recreation ğŸ˜ğŸ”¥ | Vaathi Coming shirt for just 500Rs | Shadhik Azeez,2021-12-24T10:57:02Z,130452,4882,0,336
Shocking Results ğŸ˜±ğŸ”¥ with Magical Natural Hair color | Shadhik Azeez | Tamil | English Subtitles,2021-12-19T11:45:27Z,1266893,18886,0,941
Bodywise Hair Growth gummies Review | Genuine Review | Shadhik Azeez | Tamil | English subs,2021-12-11T05:46:57Z,680580,11024,0,853
Best Body Wash in India | Genuine Review | Must Watch before buying Body wash | Shadhik Azeez,2021-12-09T06:10:07Z,724081,13745,0,560
I tried Hair Thick Fiber Powder & Result Was Shocking ğŸ˜² | English Subtitles | Shadhik Azeez,2021-12-04T07:03:47Z,225305,4892,0,209
Future of Trimmer is Here | Most Stylish Trimmer | Bombay Shaving Trimmer Review | Shadhik Azeez,2021-11-30T09:17:40Z,102398,2654,0,193
Manmatters Gummies Genuine Review after 1 month Usage | True Review | Must Watch | Shadhik Azeez,2021-11-20T11:45:52Z,1057543,29391,0,1158
Viral korean Body Scrub Sponge Review | Watch Before Buying | Tamil | English Sub | Shadhik Azeez,2021-11-14T11:27:44Z,5122486,26898,0,871
How to Wash Face When you have Pimples | Effective Way | Shadhik Azeez | Tamil | English Subtitles,2021-10-31T11:32:30Z,165902,5471,0,380
Must have Shirts for College Going Boys to Stand out in Crowd | Look Hot ğŸ”¥ | Shadhik Azeez,2021-10-27T05:55:45Z,307813,11031,0,372
My First Live | 500K Subscribers | Join Now,2021-10-24T07:32:18Z,24481,1574,0,138
Apple Watch Look a like Calling Smart Watch for just 3999 Rs | Best Calling Smart Watch | Shadhik,2021-10-19T15:32:34Z,101511,2168,0,166
7 days Teeth Whitening Challenge with Colgate Visible White Tooth Paste | Not Sponsored | Tamil,2021-10-17T08:50:55Z,166661,2709,0,190
Safest Private Part Trimmer for men | Ball Trimmer | Manscaping | Shadhik Azeez,2021-10-10T08:30:06Z,483251,6195,0,242
Man Matters Gummies True Review | English Subtitles | Shadhik Azeez,2021-10-10T04:30:18Z,264505,8902,0,500
Best Smart Watch Under Rs2200 | Alexa | SpO2 | Heart Rate Stress monitor | Sleep Track | Boat Extend,2021-10-04T15:44:52Z,391906,6050,0,447
Say no to Chemical Hair Shampoo | Natural Shampoo | Tamil | Shadhik Azeez | English Subtitles,2021-10-03T07:40:09Z,1480284,15541,0,834
Biggest Unboxing of this Channel 100Kg | What's inside ? | Shadhik Azeez,2021-10-01T14:33:26Z,37568,1909,0,146
Viral Seaweed Algae Mask spoiled my face | Shadhik Azeez,2021-09-21T09:21:44Z,263700,10869,0,735
Viral Seaweed Mask Review | Shocking Result ğŸ”¥ | Tamil | English Subtitles | Shadhik Azeez,2021-09-16T06:43:40Z,10804845,104906,0,3990
Best trimmer for long beard Lover ğŸ”¥ | Tamil | Shadhik Azeez,2021-09-12T05:32:45Z,284163,4082,0,292
Best Natural Rose Water in India | Worst to Best | Genuine Reveiw | Shadhik Azeez | Tamil,2021-09-10T10:59:32Z,688057,14008,0,713
Get more Views Easily in youtube | Shadhik Azeez's proven tricks | Tamil,2021-09-09T15:48:30Z,16028,973,0,130
Best Mobile App for Video Editing like professional | My personal Editing app | Shadhik Azeez,2021-09-03T09:49:22Z,153419,5898,0,280
I bought Kabir Singh & Iron Man Sunglasses online | Vera Level Quality ğŸ”¥ | Tamil | Shadhik Azeez,2021-08-25T05:30:03Z,154374,5534,0,443
Insane Hair Transformation | Do you need review for this product? Shadhik Azeez #shorts,2021-08-22T14:27:45Z,188158,5825,0,360
Best Track Pants for Men | Work from home | Tamil | English Subtitles | Snapdeal | Shadhik Azeez #ad,2021-08-21T05:30:10Z,857586,4976,0,299
Viral Sunisa Foundation Genuine Review | Tamil | English Subtitles | Shadhik Azeez,2021-08-19T05:30:20Z,3944307,38464,0,1355
Best Shampoo for MEN | Detailed Review | Tamil | English Subtitles | Shadhik Azeez,2021-08-14T05:30:07Z,331154,8899,0,713
Recreating Irumugan Vikram Look ğŸ”¥ With my hair stylist | Shadhik Azeez,2021-08-12T07:00:42Z,97605,3055,0,231
Benefits of Scalp masssager | How to use it | Tamil | Shadhik Azeez,2021-08-07T13:11:10Z,1753995,20402,0,804
Beard Straightening | Beard Grooming | Tamil | Shadhik Azeez,2021-08-06T05:45:44Z,907094,14163,0,645
How to use Leg Massager | Is it really Helpful for people with leg pain | Tamil | English Subtitles,2021-08-01T07:14:30Z,264934,3439,0,278
Fix bald Instantly | No side effect | Tamil | English Subtitles | Hair fibre | Shadhik Azeez,2021-07-26T12:36:50Z,3455896,35758,0,1235
Best Watch for Girls in Amazon under 250 Rs | Shadhik Azeez | Tamil | English Subtitles,2021-07-20T08:01:30Z,2090764,24703,0,648
How to Look tall with confidence | Tamil | Shadhik Azeez | English Subtitles,2021-07-18T07:52:03Z,75146,3845,0,401
Recreating Ashwin look with my Hair stylist | Shadhik Azeez | Tamil,2021-07-14T09:58:37Z,140943,4901,0,438
Does this Really Work? Watch Before buying Compression vest |  English Subtitles Shadhik Azeez,2021-07-11T08:22:38Z,341006,5370,0,245
Viral Salicylic Ice Mask Review | Shadhik Azeez | Tamil | English Subtitles,2021-07-06T13:20:58Z,9888394,90696,0,3016
Luxury Looking Watches from 250 Rs Onwards | Tamil | Not Sponsored | Shadhik Azeez,2021-06-30T06:11:58Z,734062,16031,0,573
Please Watch before Buying Green Tea Mask Stick ğŸ™ | English Subtitles | Shadhik Azeez,2021-06-25T13:31:40Z,9555813,109377,0,2694
Cheap Rate la best shoes ğŸ˜ Quality Verified | Best Shoes Tamil | Shadhik Azeez,2021-06-24T06:48:42Z,151113,4913,0,279
Best Hair fall control Shampoo | Unisex | Not Sponsored | Tamil | Shadhik,2021-06-22T06:41:14Z,1147226,25884,0,1668
"Best oxymeter in India | Two best Oxymeter Live Comparison, Result was shocking ğŸ˜± | Shadhik Azeez",2021-06-19T05:47:49Z,12452,692,0,121
You will definitely change to Electric Brush After Watching this Video | Tamil | Shadhik Azeez,2021-06-18T08:23:34Z,491556,8981,0,551
Best Pimple and Oil Control Face Wash in India | Tamil | Not Sponsored | Shadhik,2021-06-08T09:25:41Z,1818948,60727,0,2390
Must Watch if you are in Stress | à®¨à¯€à®™à¯à®• stress uh à®‡à®°à¯à®¨à¯à®¤à®¾ à®‡à®¤ à®•à®£à¯à®Ÿà®¿à®ªà¯à®ªà®¾ à®ªà®¾à®°à¯à®™à¯à®• | à®šà®¤à®¿à®•à¯ Azeez,2021-06-06T09:17:45Z,73633,3508,0,230
"Hence Proved ""Turmeric Will Remove Hair"" | Tamil | Shadhik Azeez",2021-05-29T08:09:43Z,429460,10651,0,719
Brighter Face in 20mins | Naturally | Tamil | English Subtitles | Shadhik Azeez,2021-05-25T06:40:29Z,681613,20492,0,1014
Best Beard Oil Ranking from Worst to Best | Tamil | Shadhil Azeez | Not Sponsored,2021-05-23T06:32:05Z,799933,25359,0,1002
Best Hair Growth Technique | à®‡à®¤ follow à®ªà®£à¯à®£à®¾ à®•à®£à¯à®Ÿà®¿à®ªà¯à®ªà®¾ à®®à¯à®Ÿà®¿ à®µà®³à®°à¯à®®à¯ | Tamil | Shadhik Azeez,2021-05-16T06:50:19Z,2025975,42252,0,1073
End of Tea Coffee | Side effects of Tea Coffee | Tamil | Shadhil Azeez,2021-05-11T11:26:07Z,99283,4728,0,373
Best Trimmer starting from 400 Rs for Men | Tamil | Shadhik Azeez | Not Sponsored,2021-05-07T06:58:32Z,626699,15454,0,453
Best Face Scrub Ranking from Worst to Best | Tamil | Shadhik Azeez | Not Sponsored,2021-05-04T05:34:45Z,720220,15658,0,788
5 Stupid Skin Myths that we were believing it's true | Tamil | Shadhik Azeez,2021-04-27T09:50:28Z,39226,2479,0,296
Instantly Remove Foot Cracks | Tamil | English Subtitles | Shadhik Azeez,2021-04-22T07:34:03Z,1789182,20920,0,662
Best Hair Dryer Blower under 400 Rs | Phillips | NOVA | Tamil | Not Sponsored | Shadhik Azeez,2021-04-16T06:46:01Z,317043,6792,0,275
Complete Hair and Beard Transformation ğŸ˜ | Tamil Shadhik Azeez,2021-04-11T13:14:54Z,318317,10010,0,361
Best Halal Certified Vegan Soaps in India | Personal Favourite | Tamil | à®¹à®²à®¾à®²à¯ à®šà¯‹à®ªà¯ | Not sponsored,2021-04-11T05:30:01Z,60951,1981,0,201
"1 Week Weight Loss Challenge with Skipping, Result was shocking | shadhik azeez",2021-04-09T05:00:07Z,1009331,21093,0,1197
This Vaccum Cleaner Saved our family from ant and insects | Shadhik Azeez Home Vlog 1,2021-04-05T11:44:57Z,545702,6153,0,439
Truth about Talcum Powder | Tamil | Shadhik Azeez,2021-04-02T12:00:37Z,118811,3849,0,304
Costliest Scent I ever Used | Mont Blanc | Unboxing and Review | Tamil | Shadhik Azeez,2021-03-30T11:00:40Z,50552,2002,0,238
Will Cheap Hair Straightners do their work? | à®•à®®à¯à®®à®¿ à®µà®¿à®²à¯ˆà®¯à®¿à®²à¯ hair straighter à®µà®¾à®™à¯à®•à®¿à®©à®¾ à®šà¯†à®°à®¿ à®µà®°à¯à®®à®¾?,2021-03-28T05:12:21Z,764264,10073,0,406
"Gain Weight Organically, No side effects | à®‡à®¯à®±à¯à®•à¯ˆ à®µà®´à®¿à®¯à®¿à®²à¯ à®‰à®Ÿà®²à¯ à®à®Ÿà¯ˆ à®…à®¤à®¿à®•à®°à®¿à®•à¯à®•à¯à®®à¯ à®šà®¾à®ªà¯à®ªà®¾à®Ÿà¯ | Shadhik",2021-03-25T05:48:30Z,681411,26124,0,950
Best Causal Outfits men 2021 | Shadhik Azeez,2021-03-20T11:59:41Z,63829,2308,0,275
Best Home Remedy for Pimples | 100 % Results | à®‡à®©à®¿ à®ˆà®šà®¿à®¯à®¾ à®®à¯à®•à®ªà¯à®ªà®°à¯à®µà¯ˆ à®¨à¯€à®•à¯à®•à®²à®¾à®®à¯ | Shadhik Azeez,2021-03-17T05:03:04Z,290012,11984,0,548
Applied Honey in Hair & the Result was Shocking | à®¤à¯‡à®©à¯ à®¤à®Ÿà®µà®¿à®©à®¾à®²à¯ à®®à¯à®Ÿà®¿ à®à®©à¯à®© à®†à®•à¯à®®à¯ à®¤à¯†à®°à®¿à®¯à¯à®®à®¾?,2021-03-14T13:14:32Z,299307,11612,0,861
Beardo No Wash Face wash Genuine Review | Tamil | à®‡à®©à®¿ à®¤à®£à¯à®£à®¿ à®‡à®²à¯à®²à®¾à®® à®®à¯à®•à®®à¯ à®•à®´à¯à®µà®²à®¾à®®à¯,2021-03-12T10:21:05Z,61222,2609,0,189
Extract Acne without Scars | Tamil | à®®à¯à®•à®ªà¯à®ªà®°à¯ à®ˆà®šà®¿à®¯à®¾ à®°à®¿à®®à¯‚à®µà¯ à®ªà®©à¯à®©à®²à®¾à®®à¯ | shadhik azeez,2021-03-10T10:41:04Z,422204,9811,0,250
Fix Frizzy Hair in Mins | Tamil | Shadhik Azeez,2021-03-07T06:04:49Z,590599,22843,0,950
Wedding Blazer Ideas ğŸ˜ | Must watch before you shop for wedding â¤ï¸ | Tamil | Shadhik Azeez,2021-03-02T10:44:46Z,232315,4911,0,204
Best Vitamin C Face wash in India under 250 Rs | Brightening Face Wash | Not Sponsored | Tamil,2021-02-28T12:46:24Z,1065573,25401,0,1045
Beard Grooming Tips and Tricks | Beard Trimming Guide | Beard Shaping Procedure | by Shadhik Azeez,2021-02-24T06:18:19Z,77644,2562,0,202
Fix this Hair in Mins from your Home | Shadhik Azeez,2021-02-23T08:50:38Z,20497,969,0,190
"Best Pedicure, Manicure Set under Rs 499 | Seriously Worth it ğŸ‘ | Tamil | Shadhik Azeez",2021-02-12T06:41:34Z,59355,1736,0,183
Natural Hair Color Easy Method | Henna & Indigo Mix together | Tamil | English subtitles | Shadhik,2021-02-08T13:27:03Z,683873,10146,0,823
Benefits of Flossing Teeth Daily | Removes Bad Smell | Improves Oral health | Tamil | Shadhik Azeez,2021-02-05T05:41:40Z,135047,3834,0,386
Forest essentials Face Wash Review | Tamil | Not Sponsored | Shadhik Azeez,2021-02-01T07:09:51Z,73756,2179,0,246
New Air Purifier for my Baby & it's really worth the money | Best Air Purifier | Not Sponsored,2021-01-30T07:28:49Z,161985,4258,0,283
How to do Waxing & is it really Painfull ? | Tamil | English subtitles,2021-01-25T04:58:37Z,88054,2747,0,261
200K Special Q&A | Resigned my Job for YouTube | Shadhik Azeez Open Talk,2021-01-21T11:43:23Z,94501,7101,0,775
Get Professional Model Hair Style at your Home | Live Transformation | English subtitles | Tamil,2021-01-16T12:24:43Z,334915,10257,0,424
Easy makeup tutorial for men and women | Tamil | English subtitles | Not Sponsored,2021-01-12T05:27:51Z,406538,11163,0,560
WOW vs MAMA EARTH shampoo which is Best? |  English Subtitles | Not sponsored | Shadhik Azeez,2021-01-08T10:07:44Z,600256,10859,0,788
"I have Pimples from age 16, Motivational Video | Must watch if you have Pimples",2021-01-05T09:36:09Z,35224,2419,0,320
Pimple Patch Really Worked | One day Acne Control | Tamil | English subtitles | Shadhikazeez,2020-12-27T06:48:46Z,506392,11696,0,497
Get Instant Mouth Freshness Naturally | Tamil | English Subtitles | Not Sponsored | Shadhik Azeez,2020-12-25T08:28:24Z,133546,5809,0,343
BLACKHEADS removing MACHINE | 100 % Working | Tamil | Not sponsored | shadhik azeez,2020-12-20T07:30:47Z,1664153,32439,0,823
Best Moisturiser for Indian Skin | Tamil | Genuine Recommendation | Not Sponsored,2020-12-11T09:02:02Z,4580577,57978,0,2529
Clear Acne Pimples in One Just day ğŸ˜ Best Cream I have ever Used | Tamil | Shadhik Azeez,2020-11-29T05:17:21Z,183234,6573,0,517
Ustraa 30 days Genuine Review | Video Link in Description,2020-11-28T11:13:12Z,229810,7953,0,69
Ustraa Hair Growth Vitalizer | 30 days Genuine Review,2020-11-24T12:36:29Z,152271,4902,0,388
à®…à®ªà¯à®ªà®¾ à®…à®®à¯à®®à®¾ à®‡à®¤ à®•à®£à¯à®Ÿà®¿à®ªà¯à®ªà®¾ à®ªà®¾à®°à¯à®™à¯à®• | Child Safety | shadhikazeez,2020-11-17T06:17:11Z,19203,882,0,95
3 Days Darkspot Reduction Challenge?  True or Not ! | Tamil | English subtitles | Not Sponsored,2020-11-15T08:00:07Z,545544,11681,0,563
Best Natural Hair Conditioner Ever | 100% à®‡à®¯à®±à¯à®•à¯ˆ à®µà®´à®¿à®¯à®¿à®²à¯ à®šà®¾à®ªà¯à®Ÿà¯à®Ÿà®¾à®© à®¤à®²à¯ˆ à®®à¯à®Ÿà®¿ | English subtitles,2020-11-11T05:46:31Z,519316,14103,0,728
Aroma Magic Fash wash will cure Pimples? Genuine Review after one week usage | Not Sponsored | Tamil,2020-11-06T04:36:34Z,192960,5550,0,734
"Do you have Dark Spots, Pigmentation? Just follow this for 100 % gauranteed Result ğŸ‘ | Tamil",2020-10-29T05:34:04Z,1517444,43329,0,1510
Silver Play Button Unboxing | Special Dedication to my Subscribers ğŸ˜ŠğŸ™â¤ï¸,2020-10-25T12:37:56Z,12613,1315,0,252
Best Hair Oil for Fast Hair Growth and Hair fall Control | My Genuine Review | Not Sponsored,2020-10-17T05:31:38Z,717752,19582,0,1096
Natural Hair Dye Correct Procedure with Proof | No side effect | No Chemical | Tamil | Shadhikazeez,2020-10-10T05:12:06Z,2785409,54868,0,3349
Know your Skin Type in Just One Night | à®‰à®™à¯à®• à®¸à¯à®•à®¿à®©à¯ à®Ÿà¯ˆà®ªà¯ à®¤à¯†à®°à®¿à®à¯à®šà¯à®•à¯à®• à®‡à®¤à®¾à®©à¯ à®šà¯†à®¯à¯à®¯à®£à¯à®®à¯ | Shadhikazeez,2020-10-01T06:03:48Z,366772,14497,0,897
Bed Full of Products for Skin and Hair Care ! Biggest collection Ever | Tamil | Shadhikazeez,2020-09-29T06:54:27Z,26761,1534,0,261
Eco friendly Mosquito machine | safe for kids | No smoke | No smell | No Refilling | No Chemicals,2020-09-24T05:03:22Z,2863361,31075,0,1200
Effective Lip Serum for Dark Lips | No Chemicals | à®‰à®™à¯à®• à®²à®¿à®ªà¯à®¸à¯ à®Ÿà®¾à®°à¯à®•à¯à®•à®¾ à®‡à®°à¯à®¨à¯à®¤à®¾ à®‡à®¤à¯ try à®ªà®£à¯à®£à¯à®™à¯à®•,2020-09-19T06:54:25Z,1249634,33536,0,1953
WOW Face Wash True & Genuine Review | Must Watch before buying | Not Sponsored |Tamil | shadhikazeez,2020-09-16T11:45:08Z,178849,4876,0,338
GET CLEAR SKIN NATURALLY IN HOME WITHOUT SIDE EFFECTS ğŸ˜ | Tamil | Shadhikazeez,2020-09-13T06:21:39Z,172516,7352,0,378
100K Special Q & A | Are you married? | My YouTube Income | Shadhikazeez,2020-09-04T13:03:30Z,71814,3998,0,459
Best Hair Styling Products and Tips all should Know ğŸ¥° | Not Sponsored | Tamil | Shadhik Azeez,2020-08-27T06:08:36Z,102139,4511,0,369
Best Teeth Whitening Trick Ever ğŸ˜ | Natural Remedy |  Tamil | à®ªà®±à¯à®•à®³à¯ à®µà¯†à®£à¯à®®à¯ˆà®¯à®¾à®•à¯à®•à¯à®¤à®²à¯ | Shadhikazeez,2020-08-21T07:51:34Z,651440,19046,0,544
BEST BLOOPERS OF ME | FUN GUARANTEED ğŸ˜…  PART 1,2020-08-17T09:30:13Z,61728,3623,0,346
Reason For Dandruff and How to Cure it | Home Remedy | No side effects | Tamil | English | Shadhik,2020-08-15T13:18:45Z,1555317,53211,0,1689
Oily Skin Myth & Facts & Maintenance | Oily Skin Care | Tamil | Shadhikazeez,2020-08-09T06:25:01Z,366784,13638,0,673
Finally my Black Heads and White Heads are Removed ğŸ˜ Successful method & Musty Try | Tamil | shadhik,2020-08-07T05:35:20Z,1572689,42007,0,928
I cured my Pimples in 3 days ğŸ˜ No side effects ğŸ˜Š Natural and safeğŸ¥°ğŸ‘ Everyone should try this â˜ï¸,2020-07-31T05:49:44Z,330721,15700,0,1008
5 Best Tooth Paste for Kids and Adults | Not Sponsored | English Subtitles | shadhikazeez,2020-07-19T11:59:36Z,189199,5273,0,273
Lakshmi Krishna Hair Regrowth Kit | Genuine Review | Tamil | Not sponsored | shadhikazeez,2020-07-12T13:13:47Z,116365,2987,0,379
Best Beard Oil For Men 2020 | No Chemicals | English subtitles| Not Sponsored | shadhikazeez,2020-07-07T12:55:07Z,180914,6923,0,570
Cure Dark Neck Problem with this Simple Method | 100% Results | Tamil | Shadhikazeez,2020-07-02T11:26:37Z,973929,20465,0,617
Best Sun Screen for Indian Skin with Less Chemicals | No Paid promotion | Shadhik Azeez,2020-06-27T13:12:46Z,558267,14388,0,727
Best Weight loss Diet and Exercise from Home | No Gym Needed | à®‰à®Ÿà®²à¯ à®à®Ÿà¯ˆ à®•à¯à®±à¯ˆà®¯ à®µà®´à®¿ | ShadhikAzeez,2020-06-22T06:39:45Z,320438,12110,0,531
Best Chemical Free Soaps | Hand made | No Promotion | Honest Review | Tamil | Shadhikazeez,2020-06-16T09:57:08Z,1004028,25347,0,1626
100% PINK LIPS Guarantee with Natural Remedies | à®…à®´à®•à®¾à®© à®‡à®¤à®´à¯à®•à®³à¯ à®ªà¯†à®± à®µà®´à®¿à®®à¯à®±à¯ˆà®•à®³à¯ | Tamil | shadhikazeez,2020-06-12T11:36:44Z,634391,18069,0,423
100% Results DARK CIRCLES Removal Gaurantee | Tamil | à®•à®£à¯à®•à®³à®¿à®²à¯ à®•à®°à¯à®µà®³à¯ˆà®¯à®®à¯ à®¨à¯€à®™à¯à®•| Shadhikazeez,2020-06-07T15:15:11Z,926903,30344,0,674
5 BEST PERFUMES | My Personal Pick | à®šà®¿à®±à®¨à¯à®¤ à®µà®¾à®šà®©à¯ˆ à®¤à®¿à®°à®µà®¿à®¯à®®à¯ à®…à®¤à¯à®¤à®°à¯ | Shadhikazeez,2020-06-04T12:50:40Z,194317,6722,0,326
Get brighter skin Naturally in 2 Weeks | No side effects | Tamil | shadhikazeez,2020-05-31T14:31:39Z,1847105,52949,0,1670
Minimise Large Pores | Acne Scars Control | à®®à¯à®•à®¤à¯à®¤à®¿à®²à¯ à®‰à®³à¯à®³ à®ªà®³à¯à®³à®®à¯ à®¨à¯€à®™à¯à®• à®‡à®¤à¯ˆà®¤à¯à®¤à®¾à®©à¯ à®šà¯†à®¯à¯à®¯à®©à¯à®®à¯,2020-05-28T12:23:38Z,2036810,50863,0,1478
5 BEST SHAMPOO IN INDIA | No Paid Promotion | Honest Review | Tamil | Shadhikazeez,2020-05-23T06:58:35Z,1265198,39284,0,2664
Benefits of ALOE VERA | Natural vs Manufactured | Green Leaf Aloe vera Jel | Tamil | Shadhik azeez,2020-05-19T06:23:48Z,661189,18701,0,880
Mild and Daily use Face wash for Boys and Girls | No Paraben SLS | à®®à¯à®•à®®à¯ à®•à®´à¯à®µ à®šà®¿à®±à®¨à¯à®¤ Face wash,2020-05-17T06:06:42Z,338391,8218,0,640
White Hair Control in Home | Remedies | Tamil | Shadhik Azeez,2020-05-14T08:21:26Z,552183,22094,0,981
Use Minoxidil with Doctor Advice | Side effects | Awareness | Tamil | Shadhikazeez,2020-05-11T08:43:12Z,438055,9572,0,1296
How to Trim Beard | Grooming Tips | Beard Style | Tamil | Shadhikazeez,2020-05-09T05:16:12Z,306740,8137,0,148
Hair Fall Control Solution | Hair Regrowth Tips | English Subtitles | Tamil | Shadhikazeez,2020-05-06T09:02:55Z,313125,8863,0,556
How to Wash Face properly | Explanation with Demo | Tamil | Shadhikazeez,2020-05-03T08:22:07Z,568736,18067,0,745
My Face wash List | Personally Used and Tested | Top 5 Face Wash | Tamil | Shadhikazeez,2020-05-02T05:40:07Z,1071949,31491,0,1331
My Hair Style Story | Self Hair Style pathi soldran | Tamil | Shadhikazeez,2020-04-30T09:01:15Z,105032,2919,0,121
How to Grow Beard faster | Fix patchy Beard | Tamil | Shadhikazeez,2020-04-26T08:09:26Z,305866,11437,0,396
How to cure Pimples | Reason for acne | Tamil | Shadhikazeez,2020-04-24T06:10:48Z,380179,18061,0,874
How to get famous on Tiktok | Tamil | shadhik azeez,2020-04-17T04:56:01Z,22498,947,0,57
Corona is not that dangerous | Covid-19 | Plague | Cholera | Tamil | Shadhikazeez,2020-04-12T12:31:19Z,17742,385,0,19
April 29 2020 | Will the world end ? | Asteroid | Tamil | Shadhikazeez,2020-04-10T16:34:36Z,19681,728,0,36
Shadhik Azeez Live Stream,2018-12-17T13:09:59Z,0,0,0,0
96 movie Vijaysethupathi Tiktok Video,2018-12-16T19:34:14Z,414654,20375,0,162
